1,Quilts,Sub-subcategory for Quilts,t,2025-05-29 19:43:53.712889-04,2025-05-29 19:43:53.712889-04,859
2,Woodwork,Sub-subcategory for Woodwork,t,2025-05-29 19:43:53.712889-04,2025-05-29 19:43:53.712889-04,859
3,Furniture,Sub-subcategory for Furniture,t,2025-05-29 19:43:53.712889-04,2025-05-29 19:43:53.712889-04,859
4,Firearms,Sub-subcategory for Firearms,t,2025-05-29 19:43:53.712889-04,2025-05-29 19:43:53.712889-04,862
5,Swords,Sub-subcategory for Swords,t,2025-05-29 19:43:53.712889-04,2025-05-29 19:43:53.712889-04,862
6,Fiction,Sub-subcategory for Fiction,t,2025-05-29 19:43:53.712889-04,2025-05-29 19:43:53.712889-04,868
7,Non-fiction,Sub-subcategory for Non-fiction,t,2025-05-29 19:43:53.712889-04,2025-05-29 19:43:53.712889-04,868
8,Containers,Sub-subcategory for Containers,t,2025-05-29 19:43:53.712889-04,2025-05-29 19:43:53.712889-04,883
9,Utensils,Sub-subcategory for Utensils,t,2025-05-29 19:43:53.712889-04,2025-05-29 19:43:53.712889-04,883
10,Wall Decor,Sub-subcategory for Wall Decor,t,2025-05-29 19:43:53.712889-04,2025-05-29 19:43:53.712889-04,882
11,Table Decor,Sub-subcategory for Table Decor,t,2025-05-29 19:43:53.712889-04,2025-05-29 19:43:53.712889-04,882
12,Chairs,Sub-subcategory for Chairs,t,2025-05-29 19:43:53.712889-04,2025-05-29 19:43:53.712889-04,881
13,Tables,Sub-subcategory for Tables,t,2025-05-29 19:43:53.712889-04,2025-05-29 19:43:53.712889-04,881
217,Rings,Sub-subcategory for Rings,t,2025-05-30 17:53:19.999651-04,2025-05-30 17:53:19.999651-04,860
218,Necklaces,Sub-subcategory for Necklaces,t,2025-05-30 17:53:19.999651-04,2025-05-30 17:53:19.999651-04,860
219,Brooches,Sub-subcategory for Brooches,t,2025-05-30 17:53:19.999651-04,2025-05-30 17:53:19.999651-04,860
220,Oil Paintings,Sub-subcategory for Oil Paintings,t,2025-05-30 17:53:19.999651-04,2025-05-30 17:53:19.999651-04,863
221,Watercolor,Sub-subcategory for Watercolor,t,2025-05-30 17:53:19.999651-04,2025-05-30 17:53:19.999651-04,863
222,Acrylic,Sub-subcategory for Acrylic,t,2025-05-30 17:53:19.999651-04,2025-05-30 17:53:19.999651-04,863
223,Beds,Sub-subcategory for Beds,t,2025-05-30 17:53:19.999651-04,2025-05-30 17:53:19.999651-04,881
224,Cabinets,Sub-subcategory for Cabinets,t,2025-05-30 17:53:19.999651-04,2025-05-30 17:53:19.999651-04,881
225,Collars,Sub-subcategory for Collars,t,2025-05-30 17:53:19.999651-04,2025-05-30 17:53:19.999651-04,900
226,Leashes,Sub-subcategory for Leashes,t,2025-05-30 17:53:19.999651-04,2025-05-30 17:53:19.999651-04,900
227,Beds,Sub-subcategory for Beds,t,2025-05-30 17:53:19.999651-04,2025-05-30 17:53:19.999651-04,900
